City_ID,City,Lat,Lng,Max Temp,Humidity,Cloudiness,Wind Speed,Country,Date
0,lompoc,34.6391,-120.4579,14.4,85,100,6.17,US,1731369928
1,newman,37.3138,-121.0208,12.8,82,75,2.6,US,1731369929
2,whakatane,-37.9585,176.9854,21.95,68,72,3.58,NZ,1731369930
3,iqaluit,63.7506,-68.5145,-10.15,85,75,1.03,CA,1731369931
4,fort st. john,56.2499,-120.8529,-1.06,93,100,1.54,CA,1731369932
5,blackmans bay,-43.0167,147.3167,18.18,48,31,0.89,AU,1731369933
6,olonkinbyen,70.9221,-8.7187,0.36,96,100,7.93,SJ,1731369934
7,namibe,-15.1961,12.1522,21.4,72,2,2.24,AO,1731369935
8,waitangi,-43.9535,-176.5597,13.79,74,67,1.79,NZ,1731369936
9,ushuaia,-54.8,-68.3,7.81,81,75,1.54,AR,1731369937
10,mount pearl,47.5166,-52.7813,6.09,90,75,4.12,CA,1731369939
11,alotau,-10.3069,150.4462,28.29,80,96,1.69,PG,1731369940
12,wailua homesteads,22.0669,-159.378,25.44,93,100,4.12,US,1731369941
13,tiksi,71.6872,128.8694,-17.08,94,100,1.59,RU,1731369942
14,tura,25.5198,90.2201,17.51,90,1,1.66,IN,1731369943
15,maintirano,-18.0667,44.0167,26.63,78,1,4.45,MG,1731369944
16,yellowknife,62.456,-114.3525,-7.55,98,75,5.14,CA,1731369753
17,eagle,43.6954,-116.354,9.71,60,75,2.06,US,1731369947
18,aldan,58.6031,125.3894,-16.99,88,73,2.61,RU,1731369948
19,sur,22.5667,59.5289,26.22,49,6,1.33,OM,1731369950
20,araxa,-19.5933,-46.9406,21.13,77,68,1.07,BR,1731369951
21,grytviken,-54.2811,-36.5092,-0.35,92,93,4.76,GS,1731369952
22,kulhudhuffushi,6.6221,73.07,28.08,69,84,2.45,MV,1731369953
23,haiku-pauwela,20.9219,-156.3051,27.36,69,40,12.52,US,1731369954
24,anadyr,64.75,177.4833,-13.72,84,0,4.92,RU,1731369813
25,ponta delgada,37.7333,-25.6667,20.4,94,75,8.75,PT,1731369956
26,thompson,55.7435,-97.8558,-4.91,86,100,2.06,CA,1731369957
27,timbuktu,16.7735,-3.0074,24.37,15,9,4.43,ML,1731369958
28,aioun,16.6614,-9.6149,25.8,14,99,4.47,MR,1731369960
29,port-aux-francais,-49.35,70.2167,4.87,92,100,6.11,TF,1731369961
30,west island,-12.1568,96.8225,26.99,78,100,6.17,CC,1731369962
31,laguna,38.421,-121.4238,15.59,75,0,2.06,US,1731369698
32,chilliwack,49.1747,-121.9443,9.03,92,100,1.79,CA,1731369964
33,argentan,48.75,-0.0167,7.3,84,22,2.82,FR,1731369965
34,kharhial,20.2833,82.7667,18.8,67,69,1.28,IN,1731369966
35,bethel,41.3712,-73.414,14.41,66,0,0.45,US,1731369967
36,rizokarpaso,35.6,34.375,19.65,73,87,3.12,CY,1731369968
37,walvis bay,-22.9575,14.5053,14.53,88,0,3.6,NA,1731369970
38,bilibino,68.0546,166.4372,-24.07,98,70,1.86,RU,1731369971
39,whitehorse,60.7161,-135.0538,-1.57,86,75,1.03,CA,1731369972
40,tolanaro,-25.0319,46.9987,25.04,83,40,0.0,MG,1731369973
41,avarua,-21.2078,-159.775,25.03,57,75,6.69,CK,1731369974
42,camana,-16.6228,-72.7111,18.53,87,14,3.16,PE,1731369975
43,sisimiut,66.9395,-53.6735,-4.23,93,98,5.11,GL,1731369976
44,yuzhno-kurilsk,44.0306,145.8556,6.89,64,55,3.75,RU,1731369978
45,edinburgh of the seven seas,-37.0676,-12.3116,13.09,78,100,6.92,SH,1731369980
46,albany,42.6001,-73.9662,14.21,60,34,1.34,US,1731369825
47,saipan,15.1355,145.701,30.39,82,75,5.66,MP,1731369982
48,glace bay,46.1969,-59.957,12.25,97,100,7.72,CA,1731369983
49,ad dilam,23.9915,47.1627,21.35,39,23,0.88,SA,1731369984
50,port elizabeth,-33.918,25.5701,18.16,97,0,5.66,ZA,1731369985
51,papatowai,-46.5619,169.4708,15.11,49,13,4.53,NZ,1731369986
52,shitanjing,39.2342,106.3439,4.64,54,82,3.81,CN,1731369987
53,bredasdorp,-34.5322,20.0403,13.98,89,19,1.23,ZA,1731369990
54,itaituba,-4.2761,-55.9836,27.12,67,96,1.4,BR,1731369991
55,jamestown,42.097,-79.2353,10.57,78,100,8.75,US,1731369992
56,ishigaki,24.3448,124.1572,26.07,89,75,5.66,JP,1731369993
57,kitimat,54.0524,-128.6534,4.95,29,100,0.36,CA,1731369994
58,st. john's,47.5649,-52.7093,6.55,89,75,4.12,CA,1731369995
59,stanley,54.868,-1.6985,6.4,91,78,1.03,GB,1731369996
60,nova sintra,14.8667,-24.7167,27.07,69,1,7.08,CV,1731369997
61,adamstown,-25.066,-130.1015,21.76,64,91,0.87,PN,1731369998
62,saint-pierre,-21.3393,55.4781,22.82,78,20,1.03,RE,1731370000
63,hawaiian paradise park,19.5933,-154.9731,24.39,92,13,0.89,US,1731370001
64,udachny,66.4167,112.4,-24.13,100,100,1.72,RU,1731370002
65,zhigalovo,54.8097,105.1578,-5.95,77,85,0.37,RU,1731370004
66,qaqortoq,60.7167,-46.0333,-1.5,81,100,9.95,GL,1731370005
67,salalah,17.0151,54.0924,23.05,60,0,1.03,OM,1731370007
68,tamanrasset,22.785,5.5228,11.95,32,0,1.03,DZ,1731370008
69,punta arenas,-53.15,-70.9167,10.06,71,75,7.2,CL,1731370009
70,hadibu,12.65,54.0333,25.38,83,34,3.71,YE,1731370010
71,gazli,40.1333,63.45,8.38,56,99,3.06,UZ,1731370012
72,east london,-33.0153,27.9116,16.41,86,7,1.88,ZA,1731370013
73,porto novo,6.4965,2.6036,25.62,87,54,1.58,BJ,1731370014
74,puerto natales,-51.7236,-72.4875,7.29,85,78,5.15,CL,1731370015
75,poshekhon'ye,58.4993,39.1353,-0.47,80,94,2.94,RU,1731370016
76,san blas,21.5167,-105.2667,25.58,78,2,3.92,MX,1731370017
77,alaghsas,17.0187,8.0168,20.73,24,1,4.92,NE,1731370018
78,cadale,2.7603,46.3222,26.29,83,100,4.97,SO,1731370019
79,manokwari,-0.8667,134.0833,28.18,72,58,1.4,ID,1731370022
80,kupang,-10.1667,123.5833,31.32,62,20,1.03,ID,1731370023
81,sechura,-5.5569,-80.8222,19.4,78,31,8.3,PE,1731370024
82,coahuayana de hidalgo,18.7,-103.6583,26.49,80,11,1.53,MX,1731370025
83,afaahiti,-17.75,-149.2833,23.44,85,99,7.88,PF,1731370026
84,hermanus,-34.4187,19.2345,16.0,81,46,3.38,ZA,1731370027
85,san patricio,28.017,-97.5169,25.97,58,32,4.11,US,1731370029
86,moroto,2.5345,34.6666,20.64,62,74,2.4,UG,1731370030
87,berezovyy,51.6667,135.7,-6.42,57,100,0.77,RU,1731370031
88,longyearbyen,78.2186,15.6401,-0.09,100,75,2.57,SJ,1731370032
89,senador jose porfirio,-2.5908,-51.9542,26.4,78,100,1.87,BR,1731370033
90,kone,-21.0595,164.8658,31.78,38,10,3.37,NC,1731370034
91,iskateley,67.6803,53.1512,-7.09,98,100,2.41,RU,1731370035
92,padang,-0.9492,100.3543,24.03,91,100,2.21,ID,1731370036
93,mogocha,53.7333,119.7667,-19.19,100,76,0.82,RU,1731370038
94,nabire,-3.3667,135.4833,29.4,67,83,0.6,ID,1731370039
95,mesquite,32.7668,-96.5992,21.32,54,0,0.0,US,1731369783
96,maraba,-5.3686,-49.1178,24.1,94,100,1.03,BR,1731370041
97,menaka,15.9182,2.4022,22.81,17,0,4.14,ML,1731370042
98,mwinilunga,-11.7358,24.4293,16.33,98,98,1.77,ZM,1731370043
99,winnemucca,40.973,-117.7357,8.03,66,100,9.77,US,1731370044
100,cascais,38.6979,-9.4215,18.36,63,0,1.79,PT,1731370046
101,fort bragg,35.139,-79.006,18.91,91,0,2.06,US,1731370047
102,santa cruz,-17.8,-63.1667,27.7,78,40,2.57,BO,1731370048
103,hamilton,39.1834,-84.5333,14.1,75,0,2.06,US,1731370049
104,ribeira grande,38.5167,-28.7,20.99,95,95,10.28,PT,1731370050
105,geita,-2.8708,32.2341,18.07,85,100,1.11,TZ,1731370051
106,ancud,-41.8697,-73.8203,10.42,87,100,4.09,CL,1731370052
107,kingston,17.997,-76.7936,27.53,89,20,3.09,JM,1731369959
108,hengyang,26.8881,112.615,19.16,61,28,1.3,CN,1731370055
109,dudinka,69.4058,86.1778,-23.56,93,47,5.71,RU,1731370057
110,fortuna,40.5982,-124.1573,14.96,75,75,0.0,US,1731370058
111,port mathurin,-19.6833,63.4167,24.2,80,76,9.63,MU,1731370059
112,acarau,-2.8856,-40.12,26.09,75,100,7.84,BR,1731370060
113,kerikeri,-35.2268,173.9474,19.81,57,23,4.36,NZ,1731370061
114,turka,49.1541,23.0297,-0.37,84,94,0.48,UA,1731370063
115,arraial do cabo,-22.9661,-42.0278,22.81,82,0,9.51,BR,1731370064
116,rawson,-43.3002,-65.1023,17.16,31,0,10.29,AR,1731370065
117,aasiaat,68.7098,-52.8699,-2.47,78,100,8.11,GL,1731370066
118,lockport,41.5895,-88.0578,8.52,67,0,5.66,US,1731370067
119,kolonia,50.9333,6.95,9.51,92,75,1.54,DE,1731370068
120,miandrivazo,-19.5167,45.4667,27.71,56,47,1.42,MG,1731370069
121,multan,30.1956,71.4753,20.94,88,100,2.06,PK,1731370070
122,kavaratti,10.5669,72.642,28.9,66,65,3.63,IN,1731370072
123,uturoa,-16.7333,-151.4333,26.29,81,82,8.11,PF,1731370073
124,olinda,-8.0089,-34.8553,26.85,74,40,3.09,BR,1731370074
125,ola,59.5833,151.2833,-12.48,71,100,5.85,RU,1731370075
126,palestine,31.9216,35.2033,13.85,88,85,1.34,PS,1731370076
127,datia,25.6667,78.4667,20.89,49,55,1.38,IN,1731370077
128,cadillac,44.2519,-85.4012,3.95,93,100,7.2,US,1731370050
129,miyaly,48.8844,53.7836,-3.08,59,44,3.35,KZ,1731370079
130,chonchi,-42.6128,-73.8092,11.18,93,100,1.5,CL,1731370080
131,dubbo,-32.25,148.6167,24.07,57,81,5.14,AU,1731370081
132,port lincoln,-34.7333,135.8667,19.69,68,15,4.17,AU,1731370083
133,fale old settlement,-9.3852,-171.2468,28.77,65,3,7.04,TK,1731370084
134,fortaleza,-3.7227,-38.5247,26.79,83,0,3.09,BR,1731370085
135,petropavlovsk-kamchatsky,53.0452,158.6483,2.33,52,75,3.0,RU,1731370086
136,at taj,24.2049,23.2857,15.46,34,0,3.06,LY,1731370087
137,fernley,39.608,-119.2518,6.23,46,86,4.47,US,1731370088
138,enchanted hills,35.3368,-106.593,12.66,50,90,0.89,US,1731370089
139,kapa'a,22.0752,-159.319,26.18,94,100,4.12,US,1731370090
140,salinopolis,-0.6136,-47.3561,26.92,79,100,5.74,BR,1731370091
141,afif,23.9065,42.9172,19.11,27,99,4.45,SA,1731370093
142,margaret river,-33.95,115.0667,16.13,67,99,4.72,AU,1731370063
143,harran,36.86,39.0314,14.09,50,7,3.26,TR,1731370095
144,kodiak,57.79,-152.4072,5.73,45,0,3.6,US,1731370096
145,badger,64.8,-147.5333,-15.66,78,75,0.0,US,1731370097
146,pisco,-13.7,-76.2167,19.03,82,0,7.2,PE,1731370098
147,iringal,11.5593,75.611,24.54,70,11,1.96,IN,1731370099
148,kollam,8.8833,76.6,25.65,80,9,1.74,IN,1731370100
149,yulinshi,38.2906,109.7494,7.28,40,98,1.97,CN,1731369977
150,pacific grove,36.6177,-121.9166,14.12,92,0,2.57,US,1731370048
151,carutapera,-1.195,-46.02,26.19,81,69,4.32,BR,1731370104
152,zhosaly,45.4878,64.0781,0.87,82,92,5.17,KZ,1731370105
153,susuman,62.7833,148.1667,-20.7,95,100,1.36,RU,1731370106
154,ulety,51.3572,112.4849,-14.86,97,15,0.46,RU,1731370108
155,isiro,2.7739,27.616,18.91,99,99,0.36,CD,1731370109
156,khandyga,62.6667,135.6,-22.41,99,99,1.06,RU,1731370111
157,callao,-12.0667,-77.15,21.51,77,20,5.14,PE,1731370112
158,gadzhiyevo,69.2551,33.3362,2.36,88,100,7.77,RU,1731370069
159,pacocha,-17.5833,-71.3333,17.31,90,15,1.45,PE,1731370114
160,maumere,-8.6199,122.2111,29.57,56,65,0.2,ID,1731370115
161,bayanhongor,46.7167,100.1167,-15.53,84,33,1.73,MN,1731370116
162,vilyuchinsk,52.9306,158.4028,3.15,75,18,16.0,RU,1731370117
163,marquette,46.5333,-87.6335,1.85,91,100,2.68,US,1731370118
164,conde,-7.2597,-34.9075,25.7,78,20,2.57,BR,1731370120
165,kokopo,-4.352,152.2633,29.54,65,29,2.68,PG,1731370121
166,ngereklmadel,7.4883,134.4856,30.05,74,75,3.09,PW,1731370122
167,aitape,-3.1374,142.3475,30.14,65,96,2.45,PG,1731370123
168,mahibadhoo,3.7833,72.9667,27.66,73,48,2.26,MV,1731370124
169,duluth,46.7833,-92.1066,3.53,68,0,2.06,US,1731370125
170,katsuren-haebaru,26.3369,127.8719,26.16,89,75,6.17,JP,1731370126
171,alice springs,-23.7,133.8833,23.75,69,97,2.57,AU,1731370127
172,mahriz,31.5917,54.4318,13.79,34,52,1.16,IR,1731370128
173,trairi,-3.2778,-39.2689,25.56,77,100,4.78,BR,1731370130
174,lauttasaari,60.1594,24.8753,6.3,93,75,2.68,FI,1731370131
175,touros,-5.1989,-35.4608,26.38,71,97,4.48,BR,1731370132
176,severo-yeniseyskiy,60.3725,93.0408,-16.7,97,71,2.09,RU,1731370133
177,lihue,21.9789,-159.3672,25.77,97,100,4.12,US,1731370047
178,undurkhaan,47.3194,110.6556,-1.74,47,53,1.15,MN,1731370135
179,ust-nera,64.5667,143.2,-29.82,99,84,0.82,RU,1731370136
180,adrar,20.5022,-10.0711,23.18,17,1,2.86,MR,1731370137
181,keflavik,64.0049,-22.5624,10.24,100,100,16.46,IS,1731370139
182,al bayda',32.7627,21.7551,15.27,61,3,5.02,LY,1731370080
183,cabo san lucas,22.8909,-109.9124,27.09,62,58,3.58,MX,1731369733
184,jining,35.405,116.5814,15.22,80,14,1.75,CN,1731370072
185,mugia,43.1041,-9.2179,14.39,82,53,10.95,ES,1731370144
186,magistral'nyy,56.1725,107.4458,-5.34,90,100,1.27,RU,1731370139
187,lebu,-37.6167,-73.65,11.8,73,85,7.19,CL,1731370051
188,alesund,62.4723,6.1549,6.85,93,100,2.57,NO,1731370147
189,neryungri,56.6709,124.6491,-22.96,96,41,1.11,RU,1731370149
190,huarmey,-10.0681,-78.1522,19.14,83,65,3.91,PE,1731370150
191,dampit,-8.2116,112.7493,25.54,80,97,0.94,ID,1731370151
192,college,64.8569,-147.8028,-15.61,80,75,0.0,US,1731370152
193,georgetown,5.4112,100.3354,26.96,83,20,1.03,MY,1731369878
194,pacasmayo,-7.4006,-79.5714,18.57,82,42,7.4,PE,1731370154
195,brazzaville,-4.2658,15.2832,22.1,95,8,0.7,CG,1731370038
196,heber springs,35.4915,-92.0313,13.85,72,41,1.49,US,1731370156
197,omaruru,-21.4333,15.9333,19.1,29,0,1.21,NA,1731370157
198,la passe,45.5549,-0.8967,10.39,84,75,6.29,FR,1731370159
199,constitucion,-35.3333,-72.4167,14.33,69,16,7.41,CL,1731370160
200,nova vicosa,-17.8919,-39.3719,23.73,78,15,2.11,BR,1731370161
201,marakkanam,12.2,79.95,25.25,80,100,4.76,IN,1731370162
202,arkhangel'sk,64.5401,40.5433,0.06,100,100,7.0,RU,1731369942
203,coxen hole,16.3244,-86.5366,27.41,74,7,2.54,HN,1731370164
204,jianshui,23.6363,102.8264,16.14,97,54,0.86,CN,1731370165
205,port alfred,-33.5906,26.891,17.32,94,1,0.89,ZA,1731370166
206,la rinconada,37.4873,-5.9826,16.3,71,0,2.57,ES,1731370168
207,antsiranana,-12.2787,49.2917,25.23,77,97,5.77,MG,1731370169
208,belmonte,-15.8631,-38.8828,22.96,92,15,2.2,BR,1731370170
209,sagalo,12.2007,-10.6996,22.28,42,43,0.94,ML,1731370171
210,cole harbour,44.6724,-63.4751,11.22,92,100,4.47,CA,1731370172
211,tanout,14.9709,8.8879,22.16,24,0,4.92,NE,1731370173
212,aykhal,66.0,111.5,-16.77,99,100,2.45,RU,1731370174
213,new norfolk,-42.7826,147.0587,19.28,32,3,1.52,AU,1731370068
214,yarmouth,41.7057,-70.2286,14.42,88,75,1.79,US,1731370176
215,saeby,57.3319,10.5225,6.08,88,11,1.6,DK,1731370178
216,kapuskasing,49.4169,-82.4331,-1.95,86,100,7.72,CA,1731370179
217,hammerfest,70.6634,23.6821,5.25,93,100,1.54,NO,1731370180
218,pemba,-12.974,40.5178,26.27,81,37,3.21,MZ,1731370181
219,panjakent,39.4952,67.6093,6.78,61,99,0.85,TJ,1731370182
220,al hamul,31.3115,31.1477,17.37,73,66,2.0,EG,1731370183
221,turpan,42.9333,89.1667,6.98,63,0,0.92,CN,1731370184
222,atafu village,-8.5421,-172.5159,28.72,72,4,6.52,TK,1731370185
223,guerrero negro,27.9769,-114.0611,18.81,62,91,6.07,MX,1731370186
224,tazovsky,67.4667,78.7,-24.1,96,90,5.42,RU,1731370188
225,artova,40.1158,36.3001,4.71,76,11,0.38,TR,1731370189
226,naha,26.2125,127.6811,26.1,89,75,7.2,JP,1731370190
227,nar'yan-mar,67.6713,53.087,-6.99,99,100,2.36,RU,1731369922
228,saint-philippe,-21.3585,55.7679,23.23,87,62,5.15,RE,1731370192
229,constantia,44.1833,28.65,4.38,80,100,6.74,RO,1731370193
230,antofagasta,-23.65,-70.4,17.6,85,29,2.09,CL,1731370194
231,vadso,70.0744,29.7487,2.09,80,75,3.6,NO,1731370195
232,decorah,43.3033,-91.7857,5.51,65,0,2.57,US,1731370197
233,isangel,-19.55,169.2667,29.06,70,75,3.09,VU,1731370198
234,sitka,57.0531,-135.33,7.94,76,75,0.0,US,1731369947
235,orneta,54.1148,20.1333,-1.65,82,0,1.29,PL,1731370201
236,isafjordur,66.0755,-23.124,9.15,89,100,10.47,IS,1731370202
237,inarajan village,13.2736,144.7484,30.44,85,95,3.85,GU,1731370203
238,ath thawrah,35.8469,38.5443,17.06,46,33,2.96,SY,1731370204
239,laojunmiao,39.8333,97.7333,1.78,55,58,1.36,CN,1731370205
240,nuku'alofa,-21.1333,-175.2,23.15,80,98,10.29,TO,1731370207
241,hobyo,5.3505,48.5268,26.45,83,100,4.72,SO,1731370208
242,lerwick,60.1545,-1.1494,9.89,84,100,4.68,GB,1731370209
243,hami,42.8,93.45,4.61,59,65,0.3,CN,1731370210
244,puerto ayora,-0.7393,-90.3518,21.97,86,50,2.68,EC,1731370052
245,cockburn town,21.4612,-71.1419,27.71,84,94,10.32,TC,1731370212
246,katsuura,35.1333,140.3,18.47,71,44,1.3,JP,1731370213
247,bonthe,7.5264,-12.505,26.53,81,9,1.3,SL,1731370214
248,suva,-18.1416,178.4415,26.82,75,88,4.92,FJ,1731370216
249,cururupu,-1.8283,-44.8683,23.71,86,100,1.35,BR,1731370217
250,minas de marcona,-15.2119,-75.1103,14.89,77,74,4.98,PE,1731370218
251,tocopilla,-22.092,-70.1979,19.31,72,24,2.64,CL,1731370219
252,bengkulu,-3.8004,102.2655,24.74,86,100,1.2,ID,1731370220
253,brookings,44.3114,-96.7984,3.99,73,0,2.57,US,1731370221
254,alpine,32.835,-116.7664,17.43,62,0,4.63,US,1731370222
255,los andes,-32.8337,-70.5983,19.98,25,0,1.86,CL,1731370223
256,abu jibeha,11.4562,31.2285,26.83,35,55,3.86,SD,1731370224
257,chinde,26.8212,87.7095,18.1,74,0,1.99,NP,1731370227
258,mkushi,-13.6202,29.3939,17.07,91,87,1.5,ZM,1731370228
259,selfoss,63.9331,-20.9971,10.58,98,100,9.22,IS,1731370195
260,kalaoa,19.7286,-155.9817,26.33,74,0,4.63,US,1731370232
261,talara,-4.5772,-81.2719,21.42,73,75,6.69,PE,1731370235
262,ilulissat,69.2167,-51.1,-3.99,74,100,4.96,GL,1731370236
263,alofi,-19.0595,-169.9187,21.94,94,75,7.2,NU,1731370237
264,at-bashi,41.1702,75.8106,-2.96,60,84,0.9,KG,1731370239
265,labrador city,52.9463,-66.9114,-3.23,81,100,26.82,CA,1731370122
266,talnakh,69.4865,88.3972,-28.11,91,49,0.86,RU,1731370241
267,blackwater,-23.5833,148.8833,28.16,100,92,4.76,AU,1731370242
268,itoman,26.1247,127.6694,26.16,89,75,7.2,JP,1731370243
269,yinchuan,38.4681,106.2731,8.41,40,99,3.01,CN,1731370245
270,adigrat,14.277,39.462,11.51,85,26,2.23,ET,1731370246
271,fort mcmurray,56.7268,-111.381,0.75,76,95,2.6,CA,1731370247
272,porkhov,57.765,29.5561,0.07,92,99,1.99,RU,1731370248
273,igarka,67.4667,86.5833,-23.56,94,99,4.34,RU,1731370249
274,manismata,-2.4667,111.0333,26.48,85,91,0.52,ID,1731370250
275,utrik,11.2278,169.8474,28.48,77,16,7.28,MH,1731370252
276,sao francisco,-15.9486,-44.8644,25.99,65,100,1.26,BR,1731370253
277,maslyanino,54.3436,84.2111,-9.86,91,100,5.58,RU,1731370255
278,soio,-6.1349,12.3689,25.28,88,82,3.0,AO,1731370256
279,ghanzi,-21.5667,21.7833,21.02,67,88,2.45,BW,1731370257
280,myeik,12.4333,98.6,25.36,81,79,1.76,MM,1731370258
281,buala,-8.145,159.5921,29.16,75,58,2.91,SB,1731370259
282,al khawr,25.7667,51.3167,23.94,68,1,2.63,QA,1731370260
283,qandala,11.472,49.8728,24.95,86,27,1.69,SO,1731370261
284,tuburan,6.6439,122.2736,27.74,73,67,0.12,PH,1731370262
285,rabaul,-4.1967,152.1721,29.22,68,32,2.29,PG,1731370263
286,happy valley-goose bay,53.3168,-60.3315,-0.83,74,100,3.6,CA,1731370265
287,roxas,11.5853,122.7511,26.98,83,55,1.73,PH,1731370266
288,greymouth,-42.4667,171.2,14.59,54,45,3.2,NZ,1731370267
289,tsiombe,-25.3,45.4833,21.75,93,99,1.8,MG,1731370268
290,colonia,50.9333,6.95,9.51,92,75,1.54,DE,1731370269
291,smara,26.7384,-11.6719,18.07,78,68,4.29,EH,1731370270
292,gazojak,41.1875,61.4036,8.6,52,98,3.1,TM,1731370271
293,valparaiso,-33.0393,-71.6273,20.8,40,0,3.09,CL,1731370272
294,umaria,23.5333,80.8333,16.51,71,0,1.54,IN,1731370273
295,zyryanskoye,56.8306,86.6258,-9.94,86,95,5.46,RU,1731370276
296,island harbour,50.724,-1.2758,6.67,67,31,2.68,GB,1731370277
297,northam,51.0333,-4.2167,9.23,81,48,2.13,GB,1731370278
298,san luis de la loma,17.2706,-100.8939,27.12,85,57,1.65,MX,1731370279
299,mandeville,18.0417,-77.5071,20.62,96,84,0.78,JM,1731370280
300,balkanabat,39.5108,54.3671,11.15,72,100,3.7,TM,1731370281
301,ongwediva,-17.7833,15.7667,21.38,56,97,5.22,NA,1731370282
302,bama,11.5221,13.6856,23.36,34,3,2.75,NG,1731370283
303,nur-sultan,51.1801,71.446,-14.03,85,40,4.0,KZ,1731370285
304,panauti,27.5814,85.5124,13.18,100,20,0.0,NP,1731370287
305,el calafate,-50.3408,-72.2768,9.69,70,52,6.85,AR,1731370288
306,rock springs,41.5875,-109.2029,9.69,33,0,5.66,US,1731370134
307,ulladulla,-35.35,150.4667,20.35,75,82,3.18,AU,1731370290
308,nouadhibou,20.931,-17.0347,21.99,68,0,4.63,MR,1731370291
309,urangan,-25.3,152.9,24.54,77,100,7.36,AU,1731370292
310,queenstown,-31.8976,26.8753,12.04,86,80,1.75,ZA,1731370293
311,hotan,37.0997,79.9269,7.86,55,100,2.75,CN,1731370295
312,bowen,-20.0167,148.2333,27.19,59,14,4.24,AU,1731370296
313,lata,40.1629,-8.3327,10.19,74,0,1.93,PT,1731370298
314,sungai raya,0.7,108.9,26.01,83,87,1.33,ID,1731370300
315,tongchuan,35.0806,109.0897,11.7,81,100,1.44,CN,1731370301
316,howard springs,-12.497,131.047,31.95,78,66,3.05,AU,1731370303
317,praia da vitoria,38.7333,-27.0667,19.42,92,100,8.96,PT,1731370304
318,apiai,-24.5094,-48.8425,18.6,78,31,1.48,BR,1731370305
319,koh kong,11.6175,102.9806,24.79,83,79,1.94,KH,1731370306
320,formosa,-26.1775,-58.1781,22.2,61,75,6.69,AR,1731370307
321,invercargill,-46.4,168.35,15.57,57,14,5.81,NZ,1731370154
322,rakamaz,48.1333,21.4667,2.58,64,62,0.83,HU,1731370309
323,okoneshnikovo,54.8377,75.0834,-10.2,90,100,6.54,RU,1731370310
324,mammoth lakes,37.6485,-118.9721,-1.48,73,48,0.45,US,1731370219
325,sweet home,44.3976,-122.7362,10.95,85,97,1.34,US,1731370313
326,morant bay,17.8815,-76.4093,26.61,85,100,1.91,JM,1731370314
327,hwange,-18.3693,26.5019,22.53,68,95,1.28,ZW,1731370315
328,eno,62.8051,30.1542,-0.3,92,100,1.54,FI,1731370316
329,arteche,12.2645,125.4048,27.72,85,77,1.32,PH,1731370317
330,christchurch,-43.5333,172.6333,18.56,55,31,8.23,NZ,1731370132
331,kununurra,-15.7667,128.7333,33.99,59,36,4.12,AU,1731370319
332,fort polk south,31.0511,-93.2158,20.78,73,0,2.06,US,1731370320
333,howrah,22.5892,88.3103,23.0,83,40,2.06,IN,1731370321
334,sinop,41.7711,34.8709,6.98,91,59,0.75,TR,1731370323
335,goundam,16.4145,-3.6708,24.3,16,3,4.55,ML,1731370324
336,jaru,-10.4389,-62.4664,26.64,73,100,0.51,BR,1731370325
337,borba,-4.3878,-59.5939,27.22,69,100,1.63,BR,1731370326
338,kijang,35.2442,129.2139,14.39,68,0,1.23,KR,1731370327
339,nemuro,43.3236,145.575,7.45,68,76,5.66,JP,1731370328
340,taoudenni,22.6783,-3.9836,24.4,18,25,2.69,ML,1731370329
341,wickenburg,33.9686,-112.7296,24.43,16,0,1.79,US,1731370330
342,roma,43.2128,-75.4557,10.76,95,100,5.66,US,1731370332
343,klyuchi,52.2667,79.1667,-7.47,80,97,6.79,RU,1731370333
344,kacanik,42.2319,21.2594,0.67,93,45,1.27,XK,1731370334
345,celinac,44.7228,17.3278,2.37,96,47,0.22,BA,1731370335
346,vorgashor,67.5833,63.95,-15.28,95,100,3.51,RU,1731370079
347,quellon,-43.1167,-73.6167,9.6,93,100,2.53,CL,1731370337
348,luanda,-8.8368,13.2343,25.1,82,76,3.03,AO,1731370338
349,magadan,59.5667,150.8,-12.5,71,100,4.5,RU,1731370071
350,chernyshevsk,52.5243,117.0174,-21.29,100,97,0.51,RU,1731370340
351,pathein,16.7833,94.7333,22.71,95,85,1.89,MM,1731370342
352,carnarvon,-24.8667,113.6333,22.42,54,15,9.19,AU,1731370343
353,san diego country estates,33.0067,-116.7836,18.74,48,0,4.12,US,1731370346
354,mercedes,-34.6515,-59.4307,14.88,35,0,3.8,AR,1731370347
355,mellouleche,35.1662,11.035,19.3,69,100,3.96,TN,1731370348
356,bukittinggi,-0.3091,100.3706,18.66,98,99,0.63,ID,1731370350
357,atamyrat,37.8357,65.2106,11.03,50,79,2.75,TM,1731370351
358,vila franca do campo,37.7167,-25.4333,20.23,99,70,7.1,PT,1731370124
359,trinidad,-14.8333,-64.9,28.67,66,80,2.25,BO,1731370353
360,norton,-17.8833,30.7,21.27,63,96,4.54,ZW,1731370354
361,contamana,-7.3333,-75.0167,28.85,58,59,1.32,PE,1731370355
362,lindisfarne,-42.8333,147.35,19.44,45,6,3.09,AU,1731370356
363,taro,-8.3862,115.28,24.15,85,100,0.11,ID,1731370357
364,cill airne,52.05,-9.5167,8.84,93,36,0.88,IE,1731370359
365,owando,-0.4819,15.8999,21.16,93,20,0.76,CG,1731370342
366,carnot,4.9409,15.8665,21.77,66,65,0.38,CF,1731370361
367,geraldton,-28.7667,114.6,19.23,63,0,7.72,AU,1731370142
368,veinticinco de mayo,-35.4323,-60.1727,9.99,74,1,3.88,AR,1731370164
369,copiapo,-27.3667,-70.3333,22.46,43,0,1.65,CL,1731370085
370,vila velha,-20.3297,-40.2925,23.97,87,100,1.54,BR,1731370150
371,svetogorsk,61.1121,28.8632,0.07,95,100,1.34,RU,1731370366
372,bel ombre,-4.6167,55.4167,27.1,78,98,3.86,SC,1731370168
373,erenhot,43.6475,111.9767,1.85,62,0,3.73,CN,1731370189
374,santana,-0.0583,-51.1817,29.1,79,20,3.6,BR,1731370177
375,saldanha,-33.0117,17.9442,15.67,92,99,6.81,ZA,1731370159
376,fedorovskiy,45.0972,40.9517,3.8,86,0,3.79,RU,1731370372
377,konarka,19.9,86.1167,23.01,71,98,4.55,IN,1731370373
378,saskatoon,52.1168,-106.6345,3.88,58,93,7.6,CA,1731370242
379,ngaoundere,7.3167,13.5833,18.76,48,5,1.28,CM,1731370375
380,munkebo,55.4618,10.5558,8.76,88,99,5.22,DK,1731370376
381,las tablas,7.7667,-80.2833,22.87,99,60,1.82,PA,1731370378
382,mizan teferi,6.9833,35.5833,15.77,86,96,1.21,ET,1731370379
383,'ali al gharbi,32.4633,46.6864,25.81,34,98,1.05,IQ,1731370380
384,cranbrook,49.4999,-115.7688,4.97,96,100,2.35,CA,1731370135
385,al jawf,29.5,38.75,17.31,51,83,2.19,SA,1731370125
386,non sang,16.8687,102.5664,22.29,77,56,1.12,TH,1731370383
387,mejit,10.2753,170.8646,28.7,74,73,6.46,MH,1731370160
388,aswan,24.0934,32.907,18.33,38,0,5.19,EG,1731370385
389,rudbar,30.15,62.6,14.98,40,63,0.5,AF,1731370386
390,gobernador virasora,-28.05,-56.0333,18.89,75,82,1.79,AR,1731370388
391,say,13.1007,2.3689,23.4,18,0,3.72,NE,1731370389
392,mirny,62.5353,113.9611,-11.13,97,98,1.59,RU,1731370098
393,nikolayevka,53.1257,47.2041,-1.72,93,86,0.97,RU,1731370391
394,newport,51.5877,-2.9984,7.52,86,39,3.89,GB,1731370393
395,boa vista,2.8197,-60.6733,31.55,45,71,3.62,BR,1731370394
396,kwale,5.7063,6.4374,23.09,85,20,1.28,NG,1731370396
397,biltine,14.5333,20.9167,25.05,24,0,5.71,TD,1731370209
398,solnechnyy,50.7214,136.6319,-5.36,74,100,1.88,RU,1731370399
399,broome,42.2506,-75.833,12.03,75,100,4.12,US,1731370181
400,aurad,18.25,77.4333,17.79,73,59,1.89,IN,1731370401
401,verkhniye tatyshly,56.2912,55.8575,-8.1,94,38,2.31,RU,1731370402
402,gidam,18.9833,81.4,17.51,78,82,1.19,IN,1731370403
403,mount gambier,-37.8333,140.7667,17.92,72,79,3.11,AU,1731370078
404,borazjan,29.2666,51.2159,24.65,51,3,0.75,IR,1731370406
405,puerto colombia,10.9878,-74.9547,25.05,76,100,4.45,CO,1731370087
406,xilitla,21.3333,-98.9667,20.07,94,36,0.88,MX,1731370408
407,luwuk,-0.9516,122.7875,27.77,66,86,1.08,ID,1731370409
408,port augusta,-32.5,137.7667,23.91,56,0,1.85,AU,1731370164
409,zaragoza,41.6561,-0.8773,12.79,63,0,8.75,ES,1731370197
410,angel r. cabada,18.5833,-95.4333,24.82,85,64,3.41,MX,1731370414
411,wanxian,30.8039,108.3897,17.28,89,95,1.4,CN,1731370415
412,prince rupert,54.3161,-130.3201,7.83,82,100,7.2,CA,1731369811
413,enewetak,11.3474,162.3373,28.58,79,36,7.54,MH,1731370143
414,san juan nepomuceno,9.9516,-75.082,23.56,94,100,1.8,CO,1731370418
415,caconda,-13.7333,15.0667,15.1,95,100,2.6,AO,1731370420
416,jinka,5.65,36.65,19.53,65,89,0.98,ET,1731370421
417,uliastay,47.7417,96.8444,-9.94,75,37,3.31,MN,1731370422
418,fonte boa,-2.4959,-66.2662,25.27,81,88,1.08,BR,1731370423
419,pasuquin,18.3328,120.6177,24.97,100,75,1.03,PH,1731370424
420,acapulco de juarez,16.8634,-99.8901,29.9,74,40,2.57,MX,1731370195
421,margate,51.3813,1.3862,9.27,84,46,3.13,GB,1731370100
422,haapsalu,58.9431,23.5414,6.12,92,100,4.68,EE,1731370427
423,pyin oo lwin,22.0333,96.4667,15.68,94,35,1.2,MM,1731370429
424,pinheiro machado,-31.5783,-53.3811,12.81,100,100,3.86,BR,1731370430
425,jiwani,25.05,61.7417,26.99,56,2,2.22,PK,1731370431
426,zag,46.9441,99.165,-15.97,91,57,1.62,MN,1731370432
427,kuvandyk,51.4781,57.3552,-14.7,100,67,0.6,RU,1731370433
428,macau,22.2006,113.5461,24.28,88,20,3.09,MO,1731370434
429,chivilcoy,-34.8957,-60.0167,12.89,38,0,3.74,AR,1731370435
430,llorente,11.4119,125.5458,28.17,78,73,0.44,PH,1731370436
431,bo phloi,14.3236,99.5161,23.47,85,86,1.15,TH,1731370437
432,aripuana,-9.1667,-60.6333,24.14,90,82,1.0,BR,1731370439
433,tynda,55.1667,124.7167,-20.93,97,13,0.86,RU,1731370440
434,puerto madero,14.7208,-92.4215,28.11,89,40,1.03,MX,1731370441
435,dawesville,30.9224,-84.0091,23.53,91,100,0.0,US,1731370442
436,eydhafushi,5.1033,73.0708,27.83,69,19,1.91,MV,1731370446
437,bekovo,52.4663,43.712,1.22,78,99,1.63,RU,1731370447
438,opatija,45.3392,14.3083,8.38,69,30,3.6,HR,1731370448
439,ulanhot,46.0833,122.0833,-0.12,44,0,3.03,CN,1731370449
440,gufeng,26.9083,118.9819,16.15,90,49,1.31,CN,1731370450
441,flying fish cove,-10.4217,105.6791,26.82,89,75,3.6,CX,1731370112
442,bena,11.2844,5.9347,20.53,33,6,2.72,NG,1731370452
443,sungai penuh,-2.0833,101.3833,20.34,91,100,0.75,ID,1731370158
444,ouarzazat,30.9189,-6.8934,17.27,41,46,1.78,MA,1731370454
445,brisas de zicatela,15.8369,-97.0419,30.29,74,40,2.06,MX,1731370456
446,codrington,-38.2667,141.9667,18.07,61,98,1.52,AU,1731370094
447,pedro juan caballero,-22.5472,-55.7333,25.3,40,1,1.99,PY,1731370458
448,malango,-2.9627,119.9001,21.74,94,100,0.26,ID,1731370160
449,nchelenge,-9.3451,28.734,20.52,79,89,1.79,ZM,1731370460
450,sao jose da coroa grande,-8.8978,-35.1478,25.46,78,86,5.41,BR,1731370461
451,goure,13.9835,10.2704,22.95,22,0,3.76,NE,1731370462
452,ardakan,32.31,54.0175,15.12,38,0,4.17,IR,1731370463
453,sant lluis,39.8526,4.2594,16.22,72,40,9.26,ES,1731370464
454,hirara,24.8,125.2833,26.48,83,100,6.95,JP,1731370110
455,manggar,-2.8833,108.2667,27.57,74,99,0.14,ID,1731370467
456,mancio lima,-7.6142,-72.8958,27.76,68,78,1.31,BR,1731370468
457,kuna,43.4918,-116.4201,10.4,61,20,2.06,US,1731370469
458,usinsk,65.9939,57.5281,-7.16,96,100,3.06,RU,1731370470
459,banyuls de la marenda,42.4837,3.129,17.21,62,50,12.43,FR,1731370471
460,baharly,38.4362,57.4316,13.24,61,100,1.15,TM,1731370472
461,yakeshi,49.2833,120.7333,-9.75,94,89,2.2,CN,1731370236
462,montepuez,-13.1256,38.9997,21.75,86,12,2.17,MZ,1731370475
463,yaren,-0.5472,166.916,28.25,67,47,6.09,NR,1731370476
464,klaksvik,62.2266,-6.589,10.66,90,91,6.4,FO,1731370477
465,keetmanshoop,-26.5833,18.1333,17.99,17,0,2.5,NA,1731370250
466,ouro preto do oeste,-10.7481,-62.2158,25.32,72,99,1.01,BR,1731370479
467,sinjar,36.3209,41.8754,15.78,65,15,2.33,IQ,1731370480
468,sinabang,2.4803,96.3801,25.75,88,100,3.17,ID,1731370481
469,marsh harbour,26.5412,-77.0636,26.53,81,43,2.56,BS,1731370482
470,bogale,16.2833,95.4,22.43,94,54,2.6,MM,1731370484
471,labytnangi,66.6572,66.4183,-14.95,95,100,3.94,RU,1731370485
472,'alaqahdari dishu,30.4374,63.313,14.09,41,83,1.21,AF,1731370486
473,casper,42.8666,-106.3131,12.33,32,0,7.2,US,1731370488
474,harstad,68.799,16.5293,5.09,96,99,8.49,NO,1731370489
475,celestun,20.8667,-90.4,26.27,80,15,4.74,MX,1731370490
476,mount pleasant,32.7941,-79.8626,22.22,93,0,2.57,US,1731370491
477,egilsstadir,65.2653,-14.3948,9.08,93,100,8.62,IS,1731370492
478,caconde,-21.5294,-46.6439,20.97,70,1,1.04,BR,1731370494
479,kirakira,-10.4544,161.9205,28.75,77,82,4.57,SB,1731370495
480,ta`u,-14.2336,-169.5144,27.38,72,36,5.51,AS,1731370497
481,monrovia,6.3005,-10.7969,26.31,85,61,4.32,LR,1731370268
482,soba,10.9813,8.0575,19.75,37,2,3.09,NG,1731370499
483,portland,45.5234,-122.6762,11.17,92,75,4.02,US,1731370256
484,palmer,42.1584,-72.3287,11.97,81,6,1.56,US,1731370502
485,puerto baquerizo moreno,-0.9,-89.6,21.03,72,68,4.93,EC,1731370503
486,kabompo,-13.5927,24.2008,17.65,98,100,1.27,ZM,1731370504
487,leh,34.1667,77.5833,-4.72,68,70,2.29,IN,1731370505
488,novofedorivka,46.1713,32.3178,5.0,83,91,5.08,UA,1731370506
489,nicoya,10.1483,-85.452,22.21,98,100,0.9,CR,1731370507
490,okha,53.5739,142.9478,-3.78,79,100,7.03,RU,1731370508
491,mount isa,-20.7333,139.5,36.87,22,82,4.12,AU,1731370509
492,trino,45.1921,8.2961,5.74,93,100,2.91,IT,1731370510
493,ceelbuur,4.685,46.6176,26.66,60,100,4.53,SO,1731370512
494,sabzevar,36.2126,57.6819,11.35,43,16,0.36,IR,1731370514
495,port moresby,-9.4431,147.1797,28.23,73,100,2.0,PG,1731370515
496,westport,41.1415,-73.3579,15.87,61,0,3.6,US,1731370516
497,villa regina,-39.1,-67.0667,20.12,24,73,10.98,AR,1731370517
498,jimani,18.4917,-71.8502,24.06,98,100,3.9,DO,1731370518
499,tangalle,6.024,80.7911,25.0,90,35,1.47,LK,1731370520
500,nanjing,32.0617,118.7778,15.52,67,0,2.31,CN,1731370521
501,sao joao dos inhamuns,-6.0,-40.2833,28.32,50,97,4.63,BR,1731370522
502,wainwright,52.839,-110.8572,5.46,76,99,6.12,CA,1731370523
503,las khorey,11.1595,48.1967,25.64,81,12,2.84,SO,1731370524
504,dass,10.0,9.5167,20.63,38,10,1.63,NG,1731370525
505,akureyri,65.6835,-18.0878,14.18,79,100,11.14,IS,1731370526
506,woolgoolga,-30.1106,153.2007,21.93,77,83,5.86,AU,1731370527
507,dakhla,23.6848,-15.958,20.81,80,0,8.58,EH,1731370528
508,idabel,33.8957,-94.8263,16.97,67,0,1.54,US,1731370530
509,sirjan,29.452,55.6814,13.59,31,2,3.61,IR,1731370531
510,baiquan,47.5833,126.0833,-4.32,93,90,3.01,CN,1731370532
511,ha tinh,18.3333,105.9,22.18,84,90,1.41,VN,1731370533
512,point pedro,9.8167,80.2333,26.29,86,47,3.35,LK,1731370534
513,xai-xai,-25.0519,33.6442,22.18,96,73,2.34,MZ,1731370535
514,angra do heroismo,38.65,-27.2167,20.13,93,99,8.78,PT,1731370536
515,mitsamiouli,-11.3847,43.2844,27.0,82,1,5.95,KM,1731370537
516,ampanihy,-24.7,44.75,20.82,92,73,2.09,MG,1731370539
517,imbituba,-28.24,-48.6703,20.57,88,75,2.64,BR,1731370540
518,kongsvinger,60.1905,11.9977,0.59,89,10,1.5,NO,1731370543
519,holualoa,19.6228,-155.9522,27.13,73,0,4.63,US,1731370544
520,sao miguel,-5.4667,-35.3667,25.73,74,98,4.88,BR,1731370545
521,al burayqah,30.4062,19.5739,21.07,42,6,5.92,LY,1731370546
522,vallenar,-28.5708,-70.7581,21.99,36,0,1.65,CL,1731370548
523,bodo,67.28,14.405,3.86,100,75,6.17,NO,1731370549
524,wanlaweyn,2.6185,44.8938,25.24,85,97,4.05,SO,1731370550
525,campoverde,-8.4753,-74.8058,27.83,60,98,0.69,PE,1731370551
526,port hedland,-20.3167,118.5667,35.03,18,61,6.69,AU,1731370552
527,port macquarie,-31.4333,152.9167,20.04,90,99,1.79,AU,1731370553
528,vernon,50.2581,-119.2691,8.2,84,100,1.79,CA,1731370554
529,tokar,18.4254,37.729,28.26,74,13,5.95,SD,1731370555
530,den burg,53.0542,4.7972,10.99,87,75,6.17,NL,1731370556
531,knyaze-volkonskoye,48.4642,135.4567,-2.81,81,100,3.48,RU,1731370558
532,bandar lampung,-5.4254,105.258,25.44,88,100,1.06,ID,1731370559
533,caleta de carquin,-11.0925,-77.6267,18.96,84,68,4.33,PE,1731370560
534,qusmuryn,52.4503,64.6311,-10.91,96,29,1.94,KZ,1731370561
535,tarauaca,-8.1614,-70.7656,26.83,72,83,0.8,BR,1731370562
536,tateyama,34.9833,139.8667,18.52,72,73,1.69,JP,1731370564
537,skowhegan,44.7651,-69.7192,10.64,79,24,2.27,US,1731370566
538,debrecen,47.5333,21.6333,5.6,59,100,1.54,HU,1731370567
539,morehead city,34.7229,-76.726,20.57,93,20,1.79,US,1731370568
540,lodja,-3.4833,23.4333,21.09,85,58,1.03,CD,1731370569
541,grenville,12.1167,-61.6167,27.21,80,82,6.06,GD,1731370570
542,upington,-28.4478,21.2561,18.22,24,0,2.83,ZA,1731370571
543,pechora,65.1472,57.2244,-8.19,98,100,2.11,RU,1731370572
544,ghat,24.9647,10.1728,18.91,27,19,0.8,LY,1731370573
545,langepas,61.2544,75.2124,-17.96,90,100,6.08,RU,1731370574
546,platteville,42.7342,-90.4785,7.3,70,0,3.6,US,1731370576
547,puerto carreno,6.189,-67.4859,28.16,73,3,2.86,CO,1731370577
548,san antonio de pale,-1.4014,5.6325,25.9,84,76,4.21,GQ,1731370578
549,guatrache,-37.6678,-63.5302,13.56,31,22,1.34,AR,1731370579
550,vylkove,45.4021,29.586,9.57,80,100,4.27,UA,1731370580
551,hallsberg,59.0657,15.1117,2.53,94,0,2.57,SE,1731370581
552,sandnessjoen,66.0217,12.6316,8.09,76,98,9.38,NO,1731370582
553,pangkalpinang,-2.1333,106.1333,26.89,78,90,0.9,ID,1731370583
554,mawu,34.4307,104.9176,3.65,91,93,1.89,CN,1731370584
555,arteaga,18.4667,-102.4167,23.1,86,9,0.96,MX,1731370586
556,yelan'-koleno,51.1523,41.2306,2.67,69,100,1.69,RU,1731370587
557,amga,60.8953,131.9608,-16.78,97,99,1.23,RU,1731370588
558,lesnoy,57.6198,63.0784,-9.12,88,46,3.7,RU,1731370589
559,jaguey grande,22.5269,-81.1286,24.55,93,73,2.66,CU,1731370590
560,bikenibeu village,1.3673,173.1241,28.23,67,16,5.25,KI,1731370591
561,villa gesell,-37.2639,-56.973,12.06,78,69,6.35,AR,1731370592
562,abepura,-2.6333,140.5833,26.45,89,40,0.51,ID,1731370593
563,pahlgam,34.0333,75.3333,0.06,66,16,3.55,IN,1731370595
564,tomohon,1.3346,124.8392,22.52,77,65,0.37,ID,1731370596
565,la libertad,-2.2333,-80.9,20.94,81,71,5.07,EC,1731370597
566,shakhun'ya,57.6758,46.6114,-2.88,95,51,3.53,RU,1731370598
567,kayangel,8.0823,134.7173,28.87,70,58,3.62,PW,1731370599
568,maloye ganyushkino,46.6,49.2667,5.26,57,100,3.08,KZ,1731370601
569,hastings,50.8552,0.5729,7.21,50,3,8.19,GB,1731370602
570,inebolu,41.9747,33.7608,12.68,87,84,3.14,TR,1731370603
571,longjiang,47.3303,123.1836,-1.98,58,1,3.19,CN,1731370604
572,tromso,69.6496,18.957,4.01,93,75,4.63,NO,1731370605
573,gobabis,-22.45,18.9667,20.64,46,14,0.73,NA,1731370607
574,verkhniy tagil,57.3733,59.9556,-8.1,91,71,4.0,RU,1731370636
575,naze,28.3667,129.4833,23.12,81,71,4.58,JP,1731370637
576,hasaki,35.7333,140.8333,19.16,58,15,1.31,JP,1731370639
577,lazaro cardenas,17.9583,-102.2,27.67,78,17,3.33,MX,1731370467
578,maragogi,-9.0122,-35.2225,25.18,78,91,4.87,BR,1731370642
579,nuuk,64.1835,-51.7216,-2.66,100,100,3.09,GL,1731370643
580,poronaysk,49.2167,143.1167,0.92,54,100,2.92,RU,1731370644
581,saudarkrokur,65.7461,-19.6394,12.51,84,100,12.89,IS,1731370645
